Workbook
Name BizName: Setup!$C$5
Name BizEmail: Setup!$C$6
Name Currency: Setup!$C$7
Name TaxRate: Setup!$C$8
Name SetAsidePct: Setup!$C$9
Name InvoicePrefix: Setup!$C$10
Name StartNumber: Setup!$C$11
Name ClientList: Clients!$A$2:$A$100

Sheet Read Me
B2: Freelance Finance Hub
B3: Invoice Generator - Income Log - Tax Set-Aside Dashboard
B7: 1. Setup tab
B8: Enter your business name, email, currency, tax/GST rate, and the % of income you want to automatically set aside for tax. Every other tab reads from here.
B10: 2. Clients tab
B11: Add each client once. They'll then appear in the dropdown on the Invoice Log tab.
B13: 3. Invoice Log tab
B14: Add one row per invoice. Invoice numbers, tax and totals calculate automatically. Change Status to Paid/Unpaid/Overdue as invoices move through their lifecycle.
B16: 4. Invoice (Print) tab
B17: Pick an invoice number from the dropdown at the top and a clean, print-ready invoice fills in automatically. Print to PDF to send to your client.
B19: 5. Dashboard tab
B20: Shows income by month, outstanding vs paid, and exactly how much to set aside for tax this quarter, updated live from the Invoice Log.
... B31: Questions? Message me through the marketplace and I'll help you out.

Sheet Setup
B2: Setup
B3: Fill this in once - everything else updates automatically.
B5: Business / Your Name | C5: Jordan Smith Design | E5: e.g. your business name or your own name as it should appear on invoices
B6: Email | C6: hello@example.com | E6: shown on the printed invoice
B7: Currency Symbol | C7: $ | E7: e.g. $, NZ$, £, €
B8: Invoice Tax / GST Rate | C8: 0 | E8: as a decimal, e.g. 0.15 for 15%. Use 0 if you don't charge tax on invoices
B9: Tax Set-Aside % | C9: 0.25 | E9: portion of paid income to set aside for your own income tax, e.g. 0.25 = 25%
B10: Invoice Number Prefix | C10: INV- | E10: e.g. INV- becomes INV-1001, INV-1002...
B11: Starting Invoice Number | C11: 1001 | E11: the first invoice number to count up from

Sheet Clients
A1: Client Name | B1: Contact Email | C1: Company | D1: Default Rate | E1: Notes
A2: Aroha Digital Ltd | B2: accounts@arohadigital.co.nz | C2: Aroha Digital | D2: 85 | E2: Prefers monthly invoices
A3: Northside Cafe | B3: owner@northsidecafe.com | C3: Northside Cafe | D3: 60 | E3: Pays via bank transfer
A4: Kite & Co | B4: finance@kiteandco.com | C4: Kite & Co | D4: 95 | E4: Net 14 terms

Sheet Invoice Log
A1: Invoice # | B1: Client | C1: Issue Date | D1: Due Date | E1: Description | F1: Amount | G1: Tax Rate | H1: Tax Amount | I1: Total | J1: Status | K1: Date Paid | L1: Days Overdue | M1: Month | N1: Year
A2: =IF(B2="","",InvoicePrefix&TEXT(StartNumber+ROW()-2,"0000")) | B2: Aroha Digital Ltd | C2: 46134 | D2: 46148 | E2: Website maintenance - June | F2: 850 | G2: =TaxRate | H2: =F2*G2 | I2: =F2+H2 | J2: Paid | K2: 46144 | L2: =IF(AND(J2<>"Paid",TODAY()>D2),TODAY()-D2,0) | M2: =IF(C2="","",MONTH(C2)) | N2: =IF(C2="","",YEAR(C2))
A3: =IF(B3="","",InvoicePrefix&TEXT(StartNumber+ROW()-2,"0000")) | B3: Northside Cafe | C3: 46149 | D3: 46163 | E3: Menu redesign | F3: 420 | G3: =TaxRate | H3: =F3*G3 | I3: =F3+H3 | J3: Paid | K3: 46160 | L3: =IF(AND(J3<>"Paid",TODAY()>D3),TODAY()-D3,0) | M3: =IF(C3="","",MONTH(C3)) | N3: =IF(C3="","",YEAR(C3))
A4: =IF(B4="","",InvoicePrefix&TEXT(StartNumber+ROW()-2,"0000")) | B4: Kite & Co | C4: 46164 | D4: 46178 | E4: Brand refresh - phase 1 | F4: 1200 | G4: =TaxRate | H4: =F4*G4 | I4: =F4+H4 | J4: Paid | K4: 46184 | L4: =IF(AND(J4<>"Paid",TODAY()>D4),TODAY()-D4,0) | M4: =IF(C4="","",MONTH(C4)) | N4: =IF(C4="","",YEAR(C4))
A5: =IF(B5="","",InvoicePrefix&TEXT(StartNumber+ROW()-2,"0000")) | B5: Aroha Digital Ltd | C5: 46179 | D5: 46193 | E5: Website maintenance - July | F5: 850 | G5: =TaxRate | H5: =F5*G5 | I5: =F5+H5 | J5: Paid | K5: 46192 | L5: =IF(AND(J5<>"Paid",TODAY()>D5),TODAY()-D5,0) | M5: =IF(C5="","",MONTH(C5)) | N5: =IF(C5="","",YEAR(C5))
A6: =IF(B6="","",InvoicePrefix&TEXT(StartNumber+ROW()-2,"0000")) | B6: Northside Cafe | C6: 46186 | D6: 46200 | E6: Social media graphics pack | F6: 300 | G6: =TaxRate | H6: =F6*G6 | I6: =F6+H6 | J6: Overdue | L6: =IF(AND(J6<>"Paid",TODAY()>D6),TODAY()-D6,0) | M6: =IF(C6="","",MONTH(C6)) | N6: =IF(C6="","",YEAR(C6))
A7: =IF(B7="","",InvoicePrefix&TEXT(StartNumber+ROW()-2,"0000")) | B7: Kite & Co | C7: 46194 | D7: 46208 | E7: Brand refresh - phase 2 | F7: 1200 | G7: =TaxRate | H7: =F7*G7 | I7: =F7+H7 | J7: Unpaid | L7: =IF(AND(J7<>"Paid",TODAY()>D7),TODAY()-D7,0) | M7: =IF(C7="","",MONTH(C7)) | N7: =IF(C7="","",YEAR(C7))
A8: =IF(B8="","",InvoicePrefix&TEXT(StartNumber+ROW()-2,"0000")) | B8: Aroha Digital Ltd | C8: 46201 | D8: 46215 | E8: Website maintenance - August | F8: 850 | G8: =TaxRate | H8: =F8*G8 | I8: =F8+H8 | J8: Unpaid | L8: =IF(AND(J8<>"Paid",TODAY()>D8),TODAY()-D8,0) | M8: =IF(C8="","",MONTH(C8)) | N8: =IF(C8="","",YEAR(C8))
A9: =IF(B9="","",InvoicePrefix&TEXT(StartNumber+ROW()-2,"0000")) | B9: Aroha Digital Ltd | C9: 46204 | D9: 46218 | E9: Logo refresh - quick turnaround | F9: 640 | G9: =TaxRate | H9: =F9*G9 | I9: =F9+H9 | J9: Paid | K9: 46204 | L9: =IF(AND(J9<>"Paid",TODAY()>D9),TODAY()-D9,0) | M9: =IF(C9="","",MONTH(C9)) | N9: =IF(C9="","",YEAR(C9))
A10: =IF(B10="","",InvoicePrefix&TEXT(StartNumber+ROW()-2,"0000")) | G10: =TaxRate | H10: =IF(B10="","",F10*G10) | I10: =IF(B10="","",F10+H10) | L10: =IF(B10="","",IF(AND(J10<>"Paid",TODAY()>D10),TODAY()-D10,0)) | M10: =IF(C10="","",MONTH(C10)) | N10: =IF(C10="","",YEAR(C10))
A11: =IF(B11="","",InvoicePrefix&TEXT(StartNumber+ROW()-2,"0000")) | G11: =TaxRate | H11: =IF(B11="","",F11*G11) | I11: =IF(B11="","",F11+H11) | L11: =IF(B11="","",IF(AND(J11<>"Paid",TODAY()>D11),TODAY()-D11,0)) | M11: =IF(C11="","",MONTH(C11)) | N11: =IF(C11="","",YEAR(C11))
A12: =IF(B12="","",InvoicePrefix&TEXT(StartNumber+ROW()-2,"0000")) | G12: =TaxRate | H12: =IF(B12="","",F12*G12) | I12: =IF(B12="","",F12+H12) | L12: =IF(B12="","",IF(AND(J12<>"Paid",TODAY()>D12),TODAY()-D12,0)) | M12: =IF(C12="","",MONTH(C12)) | N12: =IF(C12="","",YEAR(C12))
A13: =IF(B13="","",InvoicePrefix&TEXT(StartNumber+ROW()-2,"0000")) | G13: =TaxRate | H13: =IF(B13="","",F13*G13) | I13: =IF(B13="","",F13+H13) | L13: =IF(B13="","",IF(AND(J13<>"Paid",TODAY()>D13),TODAY()-D13,0)) | M13: =IF(C13="","",MONTH(C13)) | N13: =IF(C13="","",YEAR(C13))
A14: =IF(B14="","",InvoicePrefix&TEXT(StartNumber+ROW()-2,"0000")) | G14: =TaxRate | H14: =IF(B14="","",F14*G14) | I14: =IF(B14="","",F14+H14) | L14: =IF(B14="","",IF(AND(J14<>"Paid",TODAY()>D14),TODAY()-D14,0)) | M14: =IF(C14="","",MONTH(C14)) | N14: =IF(C14="","",YEAR(C14))
A15: =IF(B15="","",InvoicePrefix&TEXT(StartNumber+ROW()-2,"0000")) | G15: =TaxRate | H15: =IF(B15="","",F15*G15) | I15: =IF(B15="","",F15+H15) | L15: =IF(B15="","",IF(AND(J15<>"Paid",TODAY()>D15),TODAY()-D15,0)) | M15: =IF(C15="","",MONTH(C15)) | N15: =IF(C15="","",YEAR(C15))
A16: =IF(B16="","",InvoicePrefix&TEXT(StartNumber+ROW()-2,"0000")) | G16: =TaxRate | H16: =IF(B16="","",F16*G16) | I16: =IF(B16="","",F16+H16) | L16: =IF(B16="","",IF(AND(J16<>"Paid",TODAY()>D16),TODAY()-D16,0)) | M16: =IF(C16="","",MONTH(C16)) | N16: =IF(C16="","",YEAR(C16))
A17: =IF(B17="","",InvoicePrefix&TEXT(StartNumber+ROW()-2,"0000")) | G17: =TaxRate | H17: =IF(B17="","",F17*G17) | I17: =IF(B17="","",F17+H17) | L17: =IF(B17="","",IF(AND(J17<>"Paid",TODAY()>D17),TODAY()-D17,0)) | M17: =IF(C17="","",MONTH(C17)) | N17: =IF(C17="","",YEAR(C17))
A18: =IF(B18="","",InvoicePrefix&TEXT(StartNumber+ROW()-2,"0000")) | G18: =TaxRate | H18: =IF(B18="","",F18*G18) | I18: =IF(B18="","",F18+H18) | L18: =IF(B18="","",IF(AND(J18<>"Paid",TODAY()>D18),TODAY()-D18,0)) | M18: =IF(C18="","",MONTH(C18)) | N18: =IF(C18="","",YEAR(C18))
A19: =IF(B19="","",InvoicePrefix&TEXT(StartNumber+ROW()-2,"0000")) | G19: =TaxRate | H19: =IF(B19="","",F19*G19) | I19: =IF(B19="","",F19+H19) | L19: =IF(B19="","",IF(AND(J19<>"Paid",TODAY()>D19),TODAY()-D19,0)) | M19: =IF(C19="","",MONTH(C19)) | N19: =IF(C19="","",YEAR(C19))
A20: =IF(B20="","",InvoicePrefix&TEXT(StartNumber+ROW()-2,"0000")) | G20: =TaxRate | H20: =IF(B20="","",F20*G20) | I20: =IF(B20="","",F20+H20) | L20: =IF(B20="","",IF(AND(J20<>"Paid",TODAY()>D20),TODAY()-D20,0)) | M20: =IF(C20="","",MONTH(C20)) | N20: =IF(C20="","",YEAR(C20))
A21: =IF(B21="","",InvoicePrefix&TEXT(StartNumber+ROW()-2,"0000")) | G21: =TaxRate | H21: =IF(B21="","",F21*G21) | I21: =IF(B21="","",F21+H21) | L21: =IF(B21="","",IF(AND(J21<>"Paid",TODAY()>D21),TODAY()-D21,0)) | M21: =IF(C21="","",MONTH(C21)) | N21: =IF(C21="","",YEAR(C21))
... A300: =IF(B300="","",InvoicePrefix&TEXT(StartNumber+ROW()-2,"0000")) | G300: =TaxRate | H300: =IF(B300="","",F300*G300) | I300: =IF(B300="","",F300+H300) | L300: =IF(B300="","",IF(AND(J300<>"Paid",TODAY()>D300),TODAY()-D300,0)) | M300: =IF(C300="","",MONTH(C300)) | N300: =IF(C300="","",YEAR(C300))

Sheet Invoice (Print)
B2: Select Invoice #: | C2: 3 | F2: =MATCH(InvoicePrefix&TEXT(C2,"0000"),'Invoice Log'!$A:$A,0)
B4: =BizName | E4: INVOICE
B5: =BizEmail | E5: =IFERROR("#"&INDEX('Invoice Log'!$A:$A,$F$2),"")
B8: Bill To | E8: Issue Date | F8: Due Date
B9: =IFERROR(INDEX('Invoice Log'!$B:$B,$F$2),"") | E9: =IFERROR(INDEX('Invoice Log'!$C:$C,$F$2),"") | F9: =IFERROR(INDEX('Invoice Log'!$D:$D,$F$2),"")
B10: =IFERROR(VLOOKUP(B9,Clients!$A:$C,2,FALSE),"")
A13: Description | D13: Amount | E13: Tax | F13: Total
A14: =IFERROR(INDEX('Invoice Log'!$E:$E,$F$2),"") | D14: =IFERROR(INDEX('Invoice Log'!$F:$F,$F$2),"") | E14: =IFERROR(INDEX('Invoice Log'!$H:$H,$F$2),"") | F14: =IFERROR(INDEX('Invoice Log'!$I:$I,$F$2),"")
E17: Total Due | F17: =IFERROR(INDEX('Invoice Log'!$I:$I,$F$2),"")
B20: Status: | C20: =IFERROR(INDEX('Invoice Log'!$J:$J,$F$2),"")
B22: Thank you for your business!

Sheet Dashboard
B2: Dashboard
B3: Updates automatically from the Invoice Log
B6: Total Invoiced (YTD) | D6: Total Paid (YTD) | F6: Outstanding | H6: Overdue
B7: =SUMIFS('Invoice Log'!$I$2:$I$300,'Invoice Log'!$N$2:$N$300,YEAR(TODAY())) | D7: =SUMIFS('Invoice Log'!$I$2:$I$300,'Invoice Log'!$N$2:$N$300,YEAR(TODAY()),'Invoice Log'!$J$2:$J$300,"Paid") | F7: =SUMIFS('Invoice Log'!$I$2:$I$300,'Invoice Log'!$J$2:$J$300,"Unpaid")+SUMIFS('Invoice Log'!$I$2:$I$300,'Invoice Log'!$J$2:$J$300,"Overdue") | H7: =SUMIFS('Invoice Log'!$I$2:$I$300,'Invoice Log'!$J$2:$J$300,"Overdue")
B10: Tax Set-Aside - This Quarter | D10: Set-Aside Rate
B11: =SUMPRODUCT(('Invoice Log'!$N$2:$N$300=YEAR(TODAY()))*('Invoice Log'!$M$2:$M$300>=ROUNDUP(MONTH(TODAY())/3,0)*3-2)*('Invoice Log'!$M$2:$M$300<=ROUNDUP(MONTH(TODAY())/3,0)*3)*('Invoice Log'!$J$2:$J$300="Paid")*'Invoice Log'!$I$2:$I$300)*SetAsidePct | D11: =SetAsidePct
B14: Month | C14: Paid Income
B15: Jan | C15: =SUMIFS('Invoice Log'!$I$2:$I$300,'Invoice Log'!$M$2:$M$300,1,'Invoice Log'!$N$2:$N$300,YEAR(TODAY()),'Invoice Log'!$J$2:$J$300,"Paid")
B16: Feb | C16: =SUMIFS('Invoice Log'!$I$2:$I$300,'Invoice Log'!$M$2:$M$300,2,'Invoice Log'!$N$2:$N$300,YEAR(TODAY()),'Invoice Log'!$J$2:$J$300,"Paid")
B17: Mar | C17: =SUMIFS('Invoice Log'!$I$2:$I$300,'Invoice Log'!$M$2:$M$300,3,'Invoice Log'!$N$2:$N$300,YEAR(TODAY()),'Invoice Log'!$J$2:$J$300,"Paid")
B18: Apr | C18: =SUMIFS('Invoice Log'!$I$2:$I$300,'Invoice Log'!$M$2:$M$300,4,'Invoice Log'!$N$2:$N$300,YEAR(TODAY()),'Invoice Log'!$J$2:$J$300,"Paid")
B19: May | C19: =SUMIFS('Invoice Log'!$I$2:$I$300,'Invoice Log'!$M$2:$M$300,5,'Invoice Log'!$N$2:$N$300,YEAR(TODAY()),'Invoice Log'!$J$2:$J$300,"Paid")
B20: Jun | C20: =SUMIFS('Invoice Log'!$I$2:$I$300,'Invoice Log'!$M$2:$M$300,6,'Invoice Log'!$N$2:$N$300,YEAR(TODAY()),'Invoice Log'!$J$2:$J$300,"Paid")
B21: Jul | C21: =SUMIFS('Invoice Log'!$I$2:$I$300,'Invoice Log'!$M$2:$M$300,7,'Invoice Log'!$N$2:$N$300,YEAR(TODAY()),'Invoice Log'!$J$2:$J$300,"Paid")
B22: Aug | C22: =SUMIFS('Invoice Log'!$I$2:$I$300,'Invoice Log'!$M$2:$M$300,8,'Invoice Log'!$N$2:$N$300,YEAR(TODAY()),'Invoice Log'!$J$2:$J$300,"Paid")
B23: Sep | C23: =SUMIFS('Invoice Log'!$I$2:$I$300,'Invoice Log'!$M$2:$M$300,9,'Invoice Log'!$N$2:$N$300,YEAR(TODAY()),'Invoice Log'!$J$2:$J$300,"Paid")
B24: Oct | C24: =SUMIFS('Invoice Log'!$I$2:$I$300,'Invoice Log'!$M$2:$M$300,10,'Invoice Log'!$N$2:$N$300,YEAR(TODAY()),'Invoice Log'!$J$2:$J$300,"Paid")
B25: Nov | C25: =SUMIFS('Invoice Log'!$I$2:$I$300,'Invoice Log'!$M$2:$M$300,11,'Invoice Log'!$N$2:$N$300,YEAR(TODAY()),'Invoice Log'!$J$2:$J$300,"Paid")
B26: Dec | C26: =SUMIFS('Invoice Log'!$I$2:$I$300,'Invoice Log'!$M$2:$M$300,12,'Invoice Log'!$N$2:$N$300,YEAR(TODAY()),'Invoice Log'!$J$2:$J$300,"Paid")
B29: Paid | C29: =D7
B30: Unpaid (not yet overdue) | C30: =SUMIFS('Invoice Log'!$I$2:$I$300,'Invoice Log'!$J$2:$J$300,"Unpaid")
B31: Overdue | C31: =H7
